//For Students Table

INSERT INTO STUDENTS (STUDENT_ID, NAME, DEPARTMENT) VALUES (1, 'Aditya Deshmukh', 'Computer Science');
INSERT INTO STUDENTS (STUDENT_ID, NAME, DEPARTMENT) VALUES (2, 'Pratiksha Patil', 'Electronics');
INSERT INTO STUDENTS (STUDENT_ID, NAME, DEPARTMENT) VALUES (3, 'Soham Jadhav', 'Mechanical');
INSERT INTO STUDENTS (STUDENT_ID, NAME, DEPARTMENT) VALUES (4, 'Snehal Shinde', 'IT');
INSERT INTO STUDENTS (STUDENT_ID, NAME, DEPARTMENT) VALUES (5, 'Rohan Pawar', 'Civil');



//For Subjects Table

INSERT INTO SUBJECTS (SUBJECT_ID, SUBJECT_NAME, SEMESTER, CREDITS) VALUES (101, 'Mathematics I', 1, 4);
INSERT INTO SUBJECTS (SUBJECT_ID, SUBJECT_NAME, SEMESTER, CREDITS) VALUES (102, 'Physics', 1, 3);
INSERT INTO SUBJECTS (SUBJECT_ID, SUBJECT_NAME, SEMESTER, CREDITS) VALUES (103, 'Programming in C', 1, 4);
INSERT INTO SUBJECTS (SUBJECT_ID, SUBJECT_NAME, SEMESTER, CREDITS) VALUES (104, 'Engineering Mechanics', 1, 3);
INSERT INTO SUBJECTS (SUBJECT_ID, SUBJECT_NAME, SEMESTER, CREDITS) VALUES (105, 'Database Systems', 2, 4);
INSERT INTO SUBJECTS (SUBJECT_ID, SUBJECT_NAME, SEMESTER, CREDITS) VALUES (106, 'Data Structures', 2, 4);
INSERT INTO SUBJECTS (SUBJECT_ID, SUBJECT_NAME, SEMESTER, CREDITS) VALUES (107, 'Operating Systems', 2, 3);
INSERT INTO SUBJECTS (SUBJECT_ID, SUBJECT_NAME, SEMESTER, CREDITS) VALUES (108, 'Digital Electronics', 2, 3);



//For Semesters Table

INSERT INTO SEMESTERS (SEMESTER_ID, SEMESTER_NAME) VALUES (1, 'Semester 1');
INSERT INTO SEMESTERS (SEMESTER_ID, SEMESTER_NAME) VALUES (2, 'Semester 2');



//For Instructors Table

INSERT INTO INSTRUCTORS (INSTRUCTOR_ID, NAME) VALUES (201, 'Prof. Anil Kulkarni');
INSERT INTO INSTRUCTORS (INSTRUCTOR_ID, NAME) VALUES (202, 'Prof. Meera Joshi');
INSERT INTO INSTRUCTORS (INSTRUCTOR_ID, NAME) VALUES (203, 'Prof. Sandeep More');
INSERT INTO INSTRUCTORS (INSTRUCTOR_ID, NAME) VALUES (204, 'Prof. Priya Chavan');



//For Marks Table

INSERT INTO MARKS (STUDENT_ID, SUBJECT_ID, SEMESTER_ID, MARKS) VALUES (1, 101, 1, 95);
INSERT INTO MARKS (STUDENT_ID, SUBJECT_ID, SEMESTER_ID, MARKS) VALUES (1, 102, 1, 88);
INSERT INTO MARKS (STUDENT_ID, SUBJECT_ID, SEMESTER_ID, MARKS) VALUES (1, 103, 1, 92);
INSERT INTO MARKS (STUDENT_ID, SUBJECT_ID, SEMESTER_ID, MARKS) VALUES (1, 104, 1, 78);
INSERT INTO MARKS (STUDENT_ID, SUBJECT_ID, SEMESTER_ID, MARKS) VALUES (1, 105, 2, 85);
INSERT INTO MARKS (STUDENT_ID, SUBJECT_ID, SEMESTER_ID, MARKS) VALUES (1, 106, 2, 90);
INSERT INTO MARKS (STUDENT_ID, SUBJECT_ID, SEMESTER_ID, MARKS) VALUES (1, 107, 2, 82);
INSERT INTO MARKS (STUDENT_ID, SUBJECT_ID, SEMESTER_ID, MARKS) VALUES (1, 108, 2, 76);

INSERT INTO MARKS (STUDENT_ID, SUBJECT_ID, SEMESTER_ID, MARKS) VALUES (2, 101, 1, 65);
INSERT INTO MARKS (STUDENT_ID, SUBJECT_ID, SEMESTER_ID, MARKS) VALUES (2, 102, 1, 58);
INSERT INTO MARKS (STUDENT_ID, SUBJECT_ID, SEMESTER_ID, MARKS) VALUES (2, 103, 1, 72);
INSERT INTO MARKS (STUDENT_ID, SUBJECT_ID, SEMESTER_ID, MARKS) VALUES (2, 104, 1, 48);
INSERT INTO MARKS (STUDENT_ID, SUBJECT_ID, SEMESTER_ID, MARKS) VALUES (2, 105, 2, 60);
INSERT INTO MARKS (STUDENT_ID, SUBJECT_ID, SEMESTER_ID, MARKS) VALUES (2, 106, 2, 54);
INSERT INTO MARKS (STUDENT_ID, SUBJECT_ID, SEMESTER_ID, MARKS) VALUES (2, 107, 2, 45);
INSERT INTO MARKS (STUDENT_ID, SUBJECT_ID, SEMESTER_ID, MARKS) VALUES (2, 108, 2, 38);

INSERT INTO MARKS (STUDENT_ID, SUBJECT_ID, SEMESTER_ID, MARKS) VALUES (3, 101, 1, 40);
INSERT INTO MARKS (STUDENT_ID, SUBJECT_ID, SEMESTER_ID, MARKS) VALUES (3, 102, 1, 42);
INSERT INTO MARKS (STUDENT_ID, SUBJECT_ID, SEMESTER_ID, MARKS) VALUES (3, 103, 1, 38);
INSERT INTO MARKS (STUDENT_ID, SUBJECT_ID, SEMESTER_ID, MARKS) VALUES (3, 104, 1, 50);
INSERT INTO MARKS (STUDENT_ID, SUBJECT_ID, SEMESTER_ID, MARKS) VALUES (3, 105, 2, 55);
INSERT INTO MARKS (STUDENT_ID, SUBJECT_ID, SEMESTER_ID, MARKS) VALUES (3, 106, 2, 35);
INSERT INTO MARKS (STUDENT_ID, SUBJECT_ID, SEMESTER_ID, MARKS) VALUES (3, 107, 2, 62);
INSERT INTO MARKS (STUDENT_ID, SUBJECT_ID, SEMESTER_ID, MARKS) VALUES (3, 108, 2, 48);

INSERT INTO MARKS (STUDENT_ID, SUBJECT_ID, SEMESTER_ID, MARKS) VALUES (4, 101, 1, 85);
INSERT INTO MARKS (STUDENT_ID, SUBJECT_ID, SEMESTER_ID, MARKS) VALUES (4, 102, 1, 79);
INSERT INTO MARKS (STUDENT_ID, SUBJECT_ID, SEMESTER_ID, MARKS) VALUES (4, 103, 1, 88);
INSERT INTO MARKS (STUDENT_ID, SUBJECT_ID, SEMESTER_ID, MARKS) VALUES (4, 104, 1, 90);
INSERT INTO MARKS (STUDENT_ID, SUBJECT_ID, SEMESTER_ID, MARKS) VALUES (4, 105, 2, 92);
INSERT INTO MARKS (STUDENT_ID, SUBJECT_ID, SEMESTER_ID, MARKS) VALUES (4, 106, 2, 81);
INSERT INTO MARKS (STUDENT_ID, SUBJECT_ID, SEMESTER_ID, MARKS) VALUES (4, 107, 2, 76);
INSERT INTO MARKS (STUDENT_ID, SUBJECT_ID, SEMESTER_ID, MARKS) VALUES (4, 108, 2, 84);

INSERT INTO MARKS (STUDENT_ID, SUBJECT_ID, SEMESTER_ID, MARKS) VALUES (5, 101, 1, 58);
INSERT INTO MARKS (STUDENT_ID, SUBJECT_ID, SEMESTER_ID, MARKS) VALUES (5, 102, 1, 66);
INSERT INTO MARKS (STUDENT_ID, SUBJECT_ID, SEMESTER_ID, MARKS) VALUES (5, 103, 1, 74);
INSERT INTO MARKS (STUDENT_ID, SUBJECT_ID, SEMESTER_ID, MARKS) VALUES (5, 104, 1, 52);
INSERT INTO MARKS (STUDENT_ID, SUBJECT_ID, SEMESTER_ID, MARKS) VALUES (5, 105, 2, 60);
INSERT INTO MARKS (STUDENT_ID, SUBJECT_ID, SEMESTER_ID, MARKS) VALUES (5, 106, 2, 68);
INSERT INTO MARKS (STUDENT_ID, SUBJECT_ID, SEMESTER_ID, MARKS) VALUES (5, 107, 2, 72);
INSERT INTO MARKS (STUDENT_ID, SUBJECT_ID, SEMESTER_ID, MARKS) VALUES (5, 108, 2, 64);



